quantile,tau,states,candidate_tests,canonical_rejects,w_prunes,raw_candidates,output
5,0.68185,17076453,99104601,82890932,237125,1024386,1024377
20,0.773547,14801792,87430669,71161396,2393721,925398,925239
50,0.840429,9764131,65302875,51844289,4273354,614244,613668
70,0.872133,6811163,52056394,42328150,3264423,357870,357196
80,0.888756,5635037,46483141,38813255,2266412,227419,226936
90,0.909257,3787640,32758733,26057996,3028883,106612,106356
95,0.924347,706832,6490377,3206766,2634672,53352,53208
97,0.933471,151449,1361438,410274,834450,31458,31372
99,0.949708,18011,121541,10471,104637,10272,10261
