algorithm,quantile,tau,repetition,seconds,wall_seconds,peak_memory_gib,clique_count,task_id,build_fingerprint,result_sha256
1,,,0,0.116000,0.306759,0.05,287618,cec85a5e0f60ba38,e9dfa844f9faa14e,d1bfaab64aa36b4a28e0d7cbd25986932493eeff6725d4369d29fb87289352e5
1,,,1,0.110000,0.287460,0.05,287618,afaec22d278824ca,e9dfa844f9faa14e,6bb28c6bc2dbbf83bcd8db8a3084bd1278e7a96c67fa0ca004cb2db8b1d3fe7b
1,,,2,0.105000,0.314167,0.05,287618,448185c6b004b16a,e9dfa844f9faa14e,d875472c597b12ab51abebb210109b8b314941aa205e723b502c4aada41cc3ce
2,20,0.25049,0,55.269000,56.360796,1.73,263721,3b9f708534737b1a,fb479b3f5779d2fd,0f635429f6429473539da22cc0424886e75cd66be9b233ab297fe2ecf6a72088
2,20,0.25049,1,53.085000,54.109500,1.73,263721,e0b678dba3ef8755,fb479b3f5779d2fd,36725afc1e423aec08b64c2b5e6d75369cc01a222aac110079390d84d4c5faad
2,20,0.25049,2,57.321000,58.301343,1.73,263721,2f769366014a2991,fb479b3f5779d2fd,2ee7e94387b8d1f6cc9a3507efeeaad4978089797acb326ec87b7d44cecba631
2,80,0.417029,0,44.161000,45.218453,1.73,71118,72186d39da01b83c,fb479b3f5779d2fd,a5171a95f61782c510da04e6ce158e57ce6c69e061ceff7f7343d24f4169c1d9
2,80,0.417029,1,48.727000,49.841372,1.73,71118,891b8beed661b75e,fb479b3f5779d2fd,2f511094130bfcba17303473a622b701c77ff8923d5ca41eda4b082732939648
2,80,0.417029,2,43.605000,45.115706,1.73,71118,f3bea07cc1a1dfa3,fb479b3f5779d2fd,17adb1e61030a500e07ea7b142b721c838ba8b02f40eb5990af2e884f62a1212
2,99,0.571662,0,38.213000,39.231227,1.73,2636,b480cece68abacc6,fb479b3f5779d2fd,d5b4eba4dce3e3c67844f3642da761f41e3ba7c380058ada0703f8825fc10863
2,99,0.571662,1,36.195000,37.200255,1.73,2636,9a3b47f5db815319,fb479b3f5779d2fd,124fa358f9179e02e1d6dc8290fa264d4152a30b42bb9613095350d2b2bf0ea2
2,99,0.571662,2,39.588000,40.605185,1.73,2636,30d99336953fcf59,fb479b3f5779d2fd,40459975843abafa9b6baf22eea16765bf484063e2e0f192d71af7959834df83
3,20,0.25049,0,0.327000,1.545328,1.73,263721,cdaab8e08723841a,a11d41bfd6aad02d,8d9a32cfb9c96b317dd6c411f0476b7ca34457ebae000836b0129def8dce87c1
3,20,0.25049,1,0.329000,1.364077,1.73,263721,4b60ed0f446630f3,a11d41bfd6aad02d,9db9c2b6acaa470d48cca1f5b21acc26fb73b1fb57cfa1c980e40450225d57a2
3,20,0.25049,2,0.320000,1.409781,1.73,263721,ff32b182c53e74cc,a11d41bfd6aad02d,b493cd4e0a55b16b7652be78e3dbcf98bb55b1caf143964ec0c49f8be4edea18
3,80,0.417029,0,0.310000,1.345471,1.73,71118,aaf8c0fcf4057e08,a11d41bfd6aad02d,26e7ab30c01c2581e233725f4054d6f5494f7a4abdfcfe076ed32354c03b3803
3,80,0.417029,1,0.314000,1.343033,1.73,71118,131fd4c230dd7c75,a11d41bfd6aad02d,906840774223a25ac579ac8ea486b246aff4277778039442a46a2938d17a7195
3,80,0.417029,2,0.322000,1.372762,1.73,71118,91cf8a8f38ef39f0,a11d41bfd6aad02d,113371e03b8cbe7bc62e307645b20c31b51b26eed7b9f98ad1f801c665038399
3,99,0.571662,0,0.391000,1.418636,1.73,2636,2baaf129304aa174,a11d41bfd6aad02d,9b4c8f66dc07b14a154ae9423d3604e39d279a7da7979f550828870c802436b5
3,99,0.571662,1,0.372000,1.401072,1.73,2636,561eac27529f2cc2,a11d41bfd6aad02d,22038fe7368eaad4531556ddeef050c3edc8a708687fedeac96791c93c12cfc0
3,99,0.571662,2,0.444000,1.487498,1.73,2636,539ae1687ccce3e7,a11d41bfd6aad02d,d9a06cd394dfb2e3998c1b7aa8cdfeab793fb0efcca0f062c6a4d589b4265d6a
4,20,0.25049,0,29.315000,30.521369,1.73,263721,e1e8040771602fe9,f82cf5701f1141f5,aeb13bdd6591a503bfcb86ba29eec8f320b85476275a2bf7b07701b2a2e5b632
4,20,0.25049,1,33.276000,34.380116,1.73,263721,1fe25928c85040a7,f82cf5701f1141f5,89cdc0106f349396f35bc4fc52a5836b0e8505e213a5b8239f13a1ee6a7826ac
4,20,0.25049,2,28.792000,29.832379,1.73,263721,6657d633deea7098,f82cf5701f1141f5,d7566e8812fe40c3470f35fc20a01aa7ee68460484403941b74cb7404c2274d1
4,80,0.417029,0,20.633000,21.616599,1.73,71118,b64a80ac34e55e22,f82cf5701f1141f5,50dc2ee3a8d6e428fa4e0821134c387324e6d4ba67dff1e2a797bd76db6e4c70
4,80,0.417029,1,20.551000,21.574827,1.73,71118,aac45c6860da51e8,f82cf5701f1141f5,bcf90475bee132368c0fb77012c7a0323dde9a8e20bd80806c4d82689252a683
4,80,0.417029,2,20.381000,21.386820,1.73,71118,1e231ae15cf0b3f6,f82cf5701f1141f5,fb2497ae639f84aaaae263f1d41740c4f6af0580079cc05d78ce0d720017cbea
4,99,0.571662,0,0.116000,1.170969,1.73,2636,bd5dcaf43701e658,f82cf5701f1141f5,b6f5300c21bb10bf266d8d1906aae263052bfbe5db0c13454ca8756dac68b6be
4,99,0.571662,1,0.123000,1.101450,1.73,2636,1e3b4f2d67e11216,f82cf5701f1141f5,4d7e4fd190dd4fd09e0a19fc8ab489d27f18ca0856d24806131f8cb084e5f007
4,99,0.571662,2,0.118000,1.151223,1.73,2636,6450a260447d0581,f82cf5701f1141f5,33cf2133fda50c9c0d7ce88fdfeb5b9dfbbe7a1e19967a2e9bf16b96720b8fa2
