left,right,similarity,below_threshold
16298,19266,0.93219906,0
16298,21609,0.92711854,0
16298,21616,0.98562092,0
16298,36159,0.92395079,0
16298,62619,0.96583730,0
16298,76069,0.89280421,0
16298,107664,0.89234579,0
16298,110393,0.97353590,0
16298,110482,0.92339307,0
16298,117373,0.92395884,0
16298,119337,0.95625818,0
16298,137878,0.91143548,0
16298,140495,0.94968861,0
16298,140719,0.90860724,0
16298,145973,0.95662582,0
16298,160066,0.88689911,1
16298,164730,0.90758872,0
19266,21609,0.95024717,0
19266,21616,0.93130493,0
19266,36159,0.93752706,0
19266,62619,0.95427328,0
19266,76069,0.94272774,0
19266,107664,0.91185057,0
19266,110393,0.93581736,0
19266,110482,0.99142599,0
19266,117373,0.93762350,0
19266,119337,0.91652459,0
19266,137878,0.93320292,0
19266,140495,0.90994889,0
19266,140719,0.90202391,0
19266,145973,0.96566945,0
19266,160066,0.89326674,0
19266,164730,0.92427546,0
21609,21616,0.92052919,0
21609,36159,0.94461513,0
21609,62619,0.94397712,0
21609,76069,0.96332204,0
21609,107664,0.90944391,0
21609,110393,0.91656989,0
21609,110482,0.94737816,0
21609,117373,0.93537039,0
21609,119337,0.91423935,0
21609,137878,0.91323292,0
21609,140495,0.89077520,0
21609,140719,0.89951319,0
21609,145973,0.93737417,0
21609,160066,0.90565568,0
21609,164730,0.89999366,0
21616,36159,0.93944526,0
21616,62619,0.96668518,0
21616,76069,0.87605160,1
21616,107664,0.89773172,0
21616,110393,0.98617429,0
21616,110482,0.92773235,0
21616,117373,0.93284148,0
21616,119337,0.95868367,0
21616,137878,0.90786302,0
21616,140495,0.96842408,0
21616,140719,0.91962242,0
21616,145973,0.95792609,0
21616,160066,0.90087909,0
21616,164730,0.90001136,0
36159,62619,0.93837810,0
36159,76069,0.91701072,0
36159,107664,0.89426166,0
36159,110393,0.93944097,0
36159,110482,0.94041777,0
36159,117373,0.93240118,0
36159,119337,0.93299198,0
36159,137878,0.88073575,1
36159,140495,0.94816428,0
36159,140719,0.88480866,1
36159,145973,0.93168926,0
36159,160066,0.89709538,0
36159,164730,0.89102060,0
62619,76069,0.90975177,0
62619,107664,0.90864712,0
62619,110393,0.96104354,0
62619,110482,0.95443749,0
62619,117373,0.94678748,0
62619,119337,0.94762480,0
62619,137878,0.93894118,0
62619,140495,0.93823898,0
62619,140719,0.92098463,0
62619,145973,0.96182781,0
62619,160066,0.90583318,0
62619,164730,0.91810048,0
76069,107664,0.89853019,0
76069,110393,0.87963796,1
76069,110482,0.94020224,0
76069,117373,0.90418994,0
76069,119337,0.85603815,1
76069,137878,0.91916871,0
76069,140495,0.82137054,1
76069,140719,0.87281138,1
76069,145973,0.89763433,0
76069,160066,0.90129817,0
76069,164730,0.90239441,0
107664,110393,0.89519250,0
107664,110482,0.91222429,0
107664,117373,0.89342546,0
107664,119337,0.87690568,1
107664,137878,0.90617406,0
107664,140495,0.87459636,1
107664,140719,0.90055174,0
107664,145973,0.90237296,0
107664,160066,0.89340222,0
107664,164730,0.87767589,1
110393,110482,0.93106967,0
110393,117373,0.93696898,0
110393,119337,0.95108324,0
110393,137878,0.90762675,0
110393,140495,0.96062183,0
110393,140719,0.92995429,0
110393,145973,0.95517540,0
110393,160066,0.89635265,0
110393,164730,0.90506274,0
110482,117373,0.94143909,0
110482,119337,0.91093773,0
110482,137878,0.92908317,0
110482,140495,0.90909022,0
110482,140719,0.89438701,0
110482,145973,0.96030819,0
110482,160066,0.89627063,0
110482,164730,0.92005062,0
117373,119337,0.92365474,0
117373,137878,0.89861375,0
117373,140495,0.91714489,0
117373,140719,0.90328634,0
117373,145973,0.93953991,0
117373,160066,0.94150823,0
117373,164730,0.91139013,0
119337,137878,0.86295801,1
119337,140495,0.96817458,0
119337,140719,0.90373850,0
119337,145973,0.93520617,0
119337,160066,0.89992201,0
119337,164730,0.86310989,1
137878,140495,0.85283393,1
137878,140719,0.87966383,1
137878,145973,0.93854928,0
137878,160066,0.89483470,0
137878,164730,0.93606192,0
140495,140719,0.88592285,1
140495,145973,0.94489306,0
140495,160066,0.86421263,1
140495,164730,0.86328912,1
140719,145973,0.90051234,0
140719,160066,0.89209473,0
140719,164730,0.87271464,1
145973,160066,0.88330507,1
145973,164730,0.92085421,0
160066,164730,0.89435178,0
