algorithm,quantile,tau,cliques,singleton_cliques,covered_vertices,coverage_fraction,mean_size,max_size,mean_purity,mean_normalized_entropy,mean_pair_agreement,pooled_pair_agreement
StructBK,,,1041789,0,169343,1.00000000,4.19874082,18,0.82165130,0.27794695,0.68125407,0.76071888
PairSim-MCE,20,0.773547,753340,7288,162055,0.95696309,3.72222635,18,0.83003822,0.27925643,0.68887017,0.77023625
PairSim-MCE,50,0.840429,426480,25480,143863,0.84953615,3.18595010,17,0.84329532,0.27483092,0.70406381,0.78639789
PairSim-MCE,80,0.888756,167172,65497,103846,0.61322877,2.61369727,13,0.86215848,0.25885917,0.73106599,0.80316839
PairSim-MCE,95,0.924347,45507,119226,50117,0.29594964,2.23805129,8,0.88801173,0.21932696,0.77742765,0.81397146
PairSim-MCE,99,0.949708,10266,153092,16251,0.09596499,2.08318722,5,0.91242938,0.17409111,0.82498864,0.83791618
ACMSC,20,0.773547,925239,0,162825,0.96151007,4.25878503,18,0.82822343,0.26567875,0.69385546,0.76713323
ACMSC,50,0.840429,613668,0,145677,0.86024814,4.14076667,18,0.84499712,0.24333624,0.72152984,0.78869648
ACMSC,80,0.888756,226936,0,106243,0.62738348,3.62767917,18,0.86898371,0.22028367,0.75655214,0.82978581
ACMSC,95,0.924347,53208,0,51482,0.30401020,3.33545707,16,0.89728201,0.18922381,0.80070685,0.93381231
ACMSC,99,0.949708,10261,0,16623,0.09816172,2.38193159,9,0.91324920,0.16886095,0.82773934,0.88227040
