dataset,dataset_id,quantile,tau,acmsc_count,structural_count,count_ratio,mean_size,structural_mean_size,mean_size_ratio,median_size,structural_median_size,max_size
GitHub-Social,17,20,0.25049,263721,287618,0.91691410,4.11150041,4.01476264,1.02409552,4,4,24
GitHub-Social,17,50,0.333849,185402,287618,0.64461195,4.04812246,4.01476264,1.00830929,4,4,24
GitHub-Social,17,80,0.417029,71118,287618,0.24726547,3.44099947,4.01476264,0.85708665,3,4,24
GitHub-Social,17,95,0.500773,16701,287618,0.05806660,3.62978265,4.01476264,0.90410890,2,4,14
GitHub-Social,17,99,0.571662,2636,287618,0.00916493,2.19195751,4.01476264,0.54597437,2,4,7
ogbn-arxiv,11,20,0.773547,925239,1041789,0.88812514,4.25878503,4.19874082,1.01430053,4,4,18
ogbn-arxiv,11,50,0.840429,613668,1041789,0.58905210,4.14076667,4.19874082,0.98619249,4,4,18
ogbn-arxiv,11,80,0.888756,226936,1041789,0.21783298,3.62767917,4.19874082,0.86399216,3,4,18
ogbn-arxiv,11,95,0.924347,53208,1041789,0.05107368,3.33545707,4.19874082,0.79439461,3,4,16
ogbn-arxiv,11,99,0.949708,10261,1041789,0.00984940,2.38193159,4.19874082,0.56729665,2,4,9
sc-nasasrb,2,20,-0.0526835,28154,28154,1.00000000,16.64704838,16.64704838,1.00000000,16,16,24
sc-nasasrb,2,50,3.30061e-05,1884759,28154,66.94462599,15.22065208,16.64704838,0.91431536,15,16,24
sc-nasasrb,2,80,0.0527296,834914,28154,29.65525325,5.29256546,16.64704838,0.31792816,5,16,11
sc-nasasrb,2,95,0.102769,61028,28154,2.16764936,2.53853969,16.64704838,0.15249188,2,16,6
sc-nasasrb,2,99,0.14503,12742,28154,0.45258223,2.04873646,16.64704838,0.12306905,2,16,4
sc-ldoor,1,20,-0.0526831,274585,274770,0.99932671,19.77102537,19.76009026,1.00055339,20,20,21
sc-ldoor,1,50,2.56971e-05,24330757,274770,88.54953961,14.41169126,19.76009026,0.72933327,14,20,21
sc-ldoor,1,80,0.0527128,13473317,274770,49.03489100,5.26953585,19.76009026,0.26667570,5,20,13
sc-ldoor,1,95,0.102893,959532,274770,3.49212796,2.54985347,19.76009026,0.12904058,2,20,6
sc-ldoor,1,99,0.145162,202030,274770,0.73526950,2.04833441,19.76009026,0.10366017,2,20,4
Geometric mean,,20,,,,0.94978997,,,1.00968719,,,
Geometric mean,,50,,,,6.88792678,,,0.90239021,,,
Geometric mean,,80,,,,2.97490766,,,0.50056646,,,
Geometric mean,,95,,,,0.38707996,,,0.34479227,,,
Geometric mean,,99,,,,0.07403222,,,0.25071817,,,
