algorithm,size,cliques,mean_size,mean_purity,mean_normalized_entropy,mean_pair_agreement,pooled_pair_agreement
StructBK,2,180176,2.00000000,0.77089901,0.45820198,0.54179802,0.54179802
StructBK,3,238079,3.00000000,0.79730258,0.33724871,0.62624171,0.62624171
StructBK,4,227005,4.00000000,0.81905795,0.25690880,0.69103838,0.69103838
StructBK,5,175059,5.00000000,0.84073827,0.20698302,0.73519442,0.73519442
StructBK,6,113340,6.00000000,0.85513793,0.17394186,0.76647433,0.76647433
StructBK,7,61364,7.00000000,0.87992262,0.13896475,0.80621723,0.80621723
StructBK,8,27832,8.00000000,0.90663625,0.10492189,0.84955011,0.84955011
StructBK,9,11111,9.00000000,0.93617936,0.06914875,0.89752398,0.89752398
StructBK,10,4499,10.00000000,0.96428095,0.03829352,0.94218962,0.94218962
StructBK,11,2026,11.00000000,0.97662209,0.02377597,0.96324150,0.96324150
StructBK,12,804,12.00000000,0.99181177,0.00897726,0.98609227,0.98609227
StructBK,13,214,13.00000000,0.99676492,0.00444654,0.99352983,0.99352983
StructBK,14,65,14.00000000,0.99670330,0.00450018,0.99340659,0.99340659
StructBK,15,77,15.00000000,1.00000000,0.00000000,1.00000000,1.00000000
StructBK,16,74,16.00000000,1.00000000,0.00000000,1.00000000,1.00000000
StructBK,17,52,17.00000000,1.00000000,0.00000000,1.00000000,1.00000000
StructBK,18,12,18.00000000,1.00000000,0.00000000,1.00000000,1.00000000
PairSim-MCE,2,99740,2.00000000,0.84087127,0.31825747,0.68174253,0.68174253
PairSim-MCE,3,43972,3.00000000,0.87930956,0.20306504,0.77271142,0.77271142
PairSim-MCE,4,16241,4.00000000,0.90881103,0.12903845,0.84266158,0.84266158
PairSim-MCE,5,4977,5.00000000,0.93658831,0.08473364,0.88963231,0.88963231
PairSim-MCE,6,1405,6.00000000,0.95765125,0.05246775,0.92759193,0.92759193
PairSim-MCE,7,289,7.00000000,0.97528423,0.02970921,0.95897182,0.95897182
PairSim-MCE,8,115,8.00000000,0.98695652,0.01819443,0.97670807,0.97670807
PairSim-MCE,9,152,9.00000000,1.00000000,0.00000000,1.00000000,1.00000000
PairSim-MCE,10,173,10.00000000,1.00000000,0.00000000,1.00000000,1.00000000
PairSim-MCE,11,77,11.00000000,1.00000000,0.00000000,1.00000000,1.00000000
PairSim-MCE,12,29,12.00000000,1.00000000,0.00000000,1.00000000,1.00000000
PairSim-MCE,13,2,13.00000000,1.00000000,0.00000000,1.00000000,1.00000000
ACMSC,2,64194,2.00000000,0.82945447,0.34109107,0.65890893,0.65890893
ACMSC,3,59385,3.00000000,0.85969521,0.23539741,0.73717830,0.73717830
ACMSC,4,46054,4.00000000,0.87790420,0.17231315,0.79129211,0.79129211
ACMSC,5,30589,5.00000000,0.90159861,0.12918233,0.83380954,0.83380954
ACMSC,6,15749,6.00000000,0.92137067,0.09786822,0.86814824,0.86814824
ACMSC,7,6728,7.00000000,0.94061067,0.07140253,0.90067805,0.90067805
ACMSC,8,2681,8.00000000,0.94848004,0.05805810,0.91523685,0.91523685
ACMSC,9,859,9.00000000,0.95912560,0.04637180,0.92963394,0.92963394
ACMSC,10,238,10.00000000,0.97605042,0.03187808,0.95452848,0.95452848
ACMSC,11,106,11.00000000,0.98284734,0.02169650,0.96775300,0.96775300
ACMSC,12,43,12.00000000,0.98837209,0.01495452,0.97744891,0.97744891
ACMSC,13,47,13.00000000,0.99672668,0.00449910,0.99345336,0.99345336
ACMSC,14,54,14.00000000,1.00000000,0.00000000,1.00000000,1.00000000
ACMSC,15,71,15.00000000,1.00000000,0.00000000,1.00000000,1.00000000
ACMSC,16,74,16.00000000,1.00000000,0.00000000,1.00000000,1.00000000
ACMSC,17,52,17.00000000,1.00000000,0.00000000,1.00000000,1.00000000
ACMSC,18,12,18.00000000,1.00000000,0.00000000,1.00000000,1.00000000
