dataset,dataset_id,quantile,tau,algorithm,algorithm_id,status,seconds,acmsc_count
GitHub-Social,17,5,0.173494,StrSub,3,completed,0.393,283883
GitHub-Social,17,5,0.173494,MonoSemMCE,4,completed,30.273,283883
GitHub-Social,17,5,0.173494,SemBK,2,completed,24.954,283883
GitHub-Social,17,20,0.25049,StrSub,3,completed,0.327,263721
GitHub-Social,17,20,0.25049,MonoSemMCE,4,completed,29.315,263721
GitHub-Social,17,20,0.25049,SemBK,2,completed,34.777,263721
GitHub-Social,17,50,0.333849,StrSub,3,completed,0.405,185402
GitHub-Social,17,50,0.333849,MonoSemMCE,4,completed,31.721,185402
GitHub-Social,17,50,0.333849,SemBK,2,completed,27.442,185402
GitHub-Social,17,70,0.387298,StrSub,3,completed,0.373,111566
GitHub-Social,17,70,0.387298,MonoSemMCE,4,completed,29.552,111566
GitHub-Social,17,70,0.387298,SemBK,2,completed,24.781,111566
GitHub-Social,17,80,0.417029,StrSub,3,completed,0.314,71118
GitHub-Social,17,80,0.417029,MonoSemMCE,4,completed,20.551,71118
GitHub-Social,17,80,0.417029,SemBK,2,completed,27.548,71118
GitHub-Social,17,90,0.46225,StrSub,3,completed,15.990,38205
GitHub-Social,17,90,0.46225,MonoSemMCE,4,completed,2.209,38205
GitHub-Social,17,90,0.46225,SemBK,2,completed,55.639,38205
GitHub-Social,17,95,0.500773,StrSub,3,completed,4.534,16701
GitHub-Social,17,95,0.500773,MonoSemMCE,4,completed,0.208,16701
GitHub-Social,17,95,0.500773,SemBK,2,completed,127.300,16701
GitHub-Social,17,97,0.524891,StrSub,3,completed,1.512,8861
GitHub-Social,17,97,0.524891,MonoSemMCE,4,completed,0.153,8861
GitHub-Social,17,97,0.524891,SemBK,2,completed,67.249,8861
GitHub-Social,17,99,0.571662,StrSub,3,completed,0.391,2636
GitHub-Social,17,99,0.571662,MonoSemMCE,4,completed,0.118,2636
GitHub-Social,17,99,0.571662,SemBK,2,completed,21.495,2636
ogbn-arxiv,11,5,0.68185,SemBK,2,completed,2.902,1024377
ogbn-arxiv,11,5,0.68185,StrSub,3,completed,1.082,1024377
ogbn-arxiv,11,5,0.68185,MonoSemMCE,4,completed,2.649,1024377
ogbn-arxiv,11,20,0.773547,SemBK,2,completed,1.59,925239
ogbn-arxiv,11,20,0.773547,StrSub,3,completed,1.233,925239
ogbn-arxiv,11,20,0.773547,MonoSemMCE,4,completed,3.357,925239
ogbn-arxiv,11,50,0.840429,SemBK,2,completed,1.248,613668
ogbn-arxiv,11,50,0.840429,StrSub,3,completed,1.176,613668
ogbn-arxiv,11,50,0.840429,MonoSemMCE,4,completed,1.937,613668
ogbn-arxiv,11,70,0.872133,SemBK,2,completed,2.637,357196
ogbn-arxiv,11,70,0.872133,StrSub,3,completed,1.069,357196
ogbn-arxiv,11,70,0.872133,MonoSemMCE,4,completed,1.571,357196
ogbn-arxiv,11,80,0.888756,SemBK,2,completed,1.165,226936
ogbn-arxiv,11,80,0.888756,StrSub,3,completed,0.872,226936
ogbn-arxiv,11,80,0.888756,MonoSemMCE,4,completed,1.61,226936
ogbn-arxiv,11,90,0.909257,SemBK,2,completed,2.003,106356
ogbn-arxiv,11,90,0.909257,StrSub,3,completed,1.021,106356
ogbn-arxiv,11,90,0.909257,MonoSemMCE,4,completed,1.309,106356
ogbn-arxiv,11,95,0.924347,SemBK,2,completed,2.111,53208
ogbn-arxiv,11,95,0.924347,StrSub,3,completed,0.942,53208
ogbn-arxiv,11,95,0.924347,MonoSemMCE,4,completed,0.435,53208
ogbn-arxiv,11,97,0.933471,StrSub,3,completed,0.963,31372
ogbn-arxiv,11,97,0.933471,MonoSemMCE,4,completed,0.233,31372
ogbn-arxiv,11,97,0.933471,SemBK,2,completed,2.191,31372
ogbn-arxiv,11,99,0.949708,SemBK,2,completed,1.249,10261
ogbn-arxiv,11,99,0.949708,StrSub,3,completed,0.843,10261
ogbn-arxiv,11,99,0.949708,MonoSemMCE,4,completed,0.197,10261
sc-nasasrb,2,5,-0.102883,StrSub,3,completed,0.438,28154
sc-nasasrb,2,5,-0.102883,MonoSemMCE,4,TLE,,
sc-nasasrb,2,20,-0.0526835,StrSub,3,completed,0.301,28154
sc-nasasrb,2,20,-0.0526835,MonoSemMCE,4,TLE,,
sc-nasasrb,2,50,3.30061e-05,StrSub,3,completed,197.824,1884759
sc-nasasrb,2,50,3.30061e-05,MonoSemMCE,4,TLE,,
sc-nasasrb,2,70,0.0328913,StrSub,3,completed,204.940,4376047
sc-nasasrb,2,70,0.0328913,MonoSemMCE,4,completed,7.483,4376047
sc-nasasrb,2,80,0.0527296,StrSub,3,completed,102.82,834914
sc-nasasrb,2,80,0.0527296,MonoSemMCE,4,completed,0.759,834914
sc-nasasrb,2,90,0.0801885,StrSub,3,completed,11.929,155916
sc-nasasrb,2,90,0.0801885,MonoSemMCE,4,completed,0.230,155916
sc-nasasrb,2,95,0.102769,StrSub,3,completed,1.565,61028
sc-nasasrb,2,95,0.102769,MonoSemMCE,4,completed,0.136,61028
sc-nasasrb,2,97,0.117326,StrSub,3,completed,0.766,36355
sc-nasasrb,2,97,0.117326,MonoSemMCE,4,completed,0.124,36355
sc-nasasrb,2,99,0.14503,StrSub,3,completed,0.415,12742
sc-nasasrb,2,99,0.14503,MonoSemMCE,4,completed,0.079,12742
sc-ldoor,1,5,-0.102847,StrSub,3,completed,3.856,274768
sc-ldoor,1,5,-0.102847,MonoSemMCE,4,TLE,,
sc-ldoor,1,20,-0.0526831,SemBK,2,TLE,,
sc-ldoor,1,20,-0.0526831,StrSub,3,completed,4.87,274585
sc-ldoor,1,20,-0.0526831,MonoSemMCE,4,TLE,,
sc-ldoor,1,50,2.56971e-05,StrSub,3,completed,500.755,24330757
sc-ldoor,1,50,2.56971e-05,MonoSemMCE,4,TLE,,
sc-ldoor,1,70,0.0328792,StrSub,3,TLE,,
sc-ldoor,1,70,0.0328792,MonoSemMCE,4,completed,91.945,66619604
sc-ldoor,1,80,0.0527128,SemBK,2,TLE,,
sc-ldoor,1,80,0.0527128,StrSub,3,completed,563.996,13473317
sc-ldoor,1,80,0.0527128,MonoSemMCE,4,completed,14.944,13473317
sc-ldoor,1,90,0.080211,StrSub,3,completed,78.185,2466236
sc-ldoor,1,90,0.080211,MonoSemMCE,4,completed,4.025,2466236
sc-ldoor,1,95,0.102893,StrSub,3,completed,9.902,959532
sc-ldoor,1,95,0.102893,MonoSemMCE,4,completed,2.452,959532
sc-ldoor,1,97,0.117587,StrSub,3,completed,5.779,573906
sc-ldoor,1,97,0.117587,MonoSemMCE,4,completed,1.559,573906
sc-ldoor,1,99,0.145162,SemBK,2,TLE,,
sc-ldoor,1,99,0.145162,StrSub,3,completed,4.845,202030
sc-ldoor,1,99,0.145162,MonoSemMCE,4,completed,1.658,202030
GitHub-Social,17,5,0.173494,SemBK,2,completed,26.290,283883
GitHub-Social,17,20,0.25049,SemBK,2,completed,34.777,263721
GitHub-Social,17,50,0.333849,SemBK,2,completed,28.523,185402
GitHub-Social,17,70,0.387298,SemBK,2,completed,25.798,111566
GitHub-Social,17,80,0.417029,SemBK,2,completed,27.548,71118
GitHub-Social,17,90,0.46225,SemBK,2,completed,56.649,38205
GitHub-Social,17,95,0.500773,SemBK,2,completed,128.326,16701
GitHub-Social,17,97,0.524891,SemBK,2,completed,68.329,8861
GitHub-Social,17,99,0.571662,SemBK,2,completed,21.495,2636
Flickr,18,5,0.115454848,SemBK,2,completed,1.544,385899
Flickr,18,5,0.115454848,StrSub,3,completed,1.234,385899
Flickr,18,5,0.115454848,MonoSemMCE,4,completed,1.968,385899
Flickr,18,20,0.223004714,SemBK,2,completed,2.751,329081
Flickr,18,20,0.223004714,StrSub,3,completed,1.152,329081
Flickr,18,20,0.223004714,MonoSemMCE,4,completed,1.612,329081
Flickr,18,50,0.327872560,SemBK,2,completed,1.662,210453
Flickr,18,50,0.327872560,StrSub,3,completed,0.967,210453
Flickr,18,50,0.327872560,MonoSemMCE,4,completed,1.688,210453
Flickr,18,70,0.382886676,SemBK,2,completed,1.481,128270
Flickr,18,70,0.382886676,StrSub,3,completed,0.977,128270
Flickr,18,70,0.382886676,MonoSemMCE,4,completed,1.494,128270
Flickr,18,80,0.414080471,SemBK,2,completed,2.910,86429
Flickr,18,80,0.414080471,StrSub,3,completed,0.760,86429
Flickr,18,80,0.414080471,MonoSemMCE,4,completed,0.599,86429
Flickr,18,90,0.456989889,SemBK,2,completed,2.461,44076
Flickr,18,90,0.456989889,StrSub,3,completed,0.947,44076
Flickr,18,90,0.456989889,MonoSemMCE,4,completed,0.844,44076
Flickr,18,95,0.494371377,SemBK,2,completed,1.760,21915
Flickr,18,95,0.494371377,StrSub,3,completed,0.970,21915
Flickr,18,95,0.494371377,MonoSemMCE,4,completed,0.781,21915
Flickr,18,97,0.522812674,SemBK,2,completed,1.146,13126
Flickr,18,97,0.522812674,StrSub,3,completed,0.850,13126
Flickr,18,97,0.522812674,MonoSemMCE,4,completed,0.769,13126
Flickr,18,99,0.601635873,SemBK,2,completed,0.454,4364
Flickr,18,99,0.601635873,StrSub,3,completed,0.285,4364
Flickr,18,99,0.601635873,MonoSemMCE,4,completed,0.169,4364
