dataset,dataset_id,quantile,tau,acmsc_count,structural_count,alg1_status,alg1_seconds,alg1_min_seconds,alg1_max_seconds,alg1_memory_gib,fastqc_status,fastqc_seconds,faplex_status,faplex_seconds,alg2_status,alg2_seconds,alg2_min_seconds,alg2_max_seconds,alg2_memory_gib,alg3_status,alg3_seconds,alg3_min_seconds,alg3_max_seconds,alg3_memory_gib,alg4_status,alg4_seconds,alg4_min_seconds,alg4_max_seconds,alg4_memory_gib
Flickr,18,20,0.2230047137,329081,404242,completed,0.117,0.117,0.117,0.08,completed,0.2669418,completed,0.1707565,completed,2.751,2.751,2.751,0.58,completed,1.152,1.152,1.152,0.58,completed,1.612,1.612,1.612,0.58
Flickr,18,80,0.4140804708,86429,404242,completed,0.117,0.117,0.117,0.08,completed,0.2669418,completed,0.1707565,completed,2.910,2.910,2.910,0.58,completed,0.760,0.760,0.760,0.58,completed,0.599,0.599,0.599,0.58
Flickr,18,99,0.6016358733,4364,404242,completed,0.117,0.117,0.117,0.08,completed,0.2669418,completed,0.1707565,completed,0.454,0.454,0.454,0.58,completed,0.285,0.285,0.285,0.58,completed,0.169,0.169,0.169,0.58
GitHub-Social,17,20,0.25049,263721,287618,completed,0.11,0.105,0.116,0.05,completed,5.73893279999902,completed,4.2815744999970775,completed,34.777,33.897,35.818,1.73,completed,0.327,0.32,0.329,1.73,completed,29.315,28.792,33.276,1.73
GitHub-Social,17,80,0.417029,71118,287618,completed,0.11,0.105,0.116,0.05,completed,5.73893279999902,completed,4.2815744999970775,completed,27.548,25.299,28.681,1.73,completed,0.314,0.31,0.322,1.73,completed,20.551,20.381,20.633,1.73
GitHub-Social,17,99,0.571662,2636,287618,completed,0.11,0.105,0.116,0.05,completed,5.73893279999902,completed,4.2815744999970775,completed,21.495,20.179,21.558,1.73,completed,0.391,0.372,0.444,1.73,completed,0.118,0.116,0.123,1.73
ogbn-arxiv,11,20,0.773547,925239,1041789,completed,0.309,0.307,0.344,0.2,completed,35.26495850000356,completed,28.427902899988112,completed,1.59,1.333,1.65,0.39,completed,1.233,1.121,1.251,0.55,completed,3.357,3.046,3.55,0.45
ogbn-arxiv,11,80,0.888756,226936,1041789,completed,0.309,0.307,0.344,0.2,completed,35.26495850000356,completed,28.427902899988112,completed,1.165,1.107,1.301,0.39,completed,0.872,0.867,0.878,0.51,completed,1.61,1.549,1.631,0.39
ogbn-arxiv,11,99,0.949708,10261,1041789,completed,0.309,0.307,0.344,0.2,completed,35.26495850000356,completed,28.427902899988112,completed,1.249,1.24,1.271,0.39,completed,0.843,0.821,0.846,0.45,completed,0.197,0.187,0.228,0.39
email-Enron,16,20,-0.0525222,223703,226859,completed,0.09,0.084,0.092,0.03,completed,20.470140999997966,completed,1.4359140000015032,completed,9.196,9.044,10.247,0.13,completed,0.259,0.25,0.269,0.13,completed,16.739,16.522,17.46,0.13
email-Enron,16,80,0.0525957,60352,226859,completed,0.09,0.084,0.092,0.03,completed,20.470140999997966,completed,1.4359140000015032,completed,8.312,8.158,8.453,0.13,completed,1.266,1.14,1.291,0.22,completed,0.083,0.079,0.086,0.13
email-Enron,16,99,0.145164,1819,226859,completed,0.09,0.084,0.092,0.03,completed,20.470140999997966,completed,1.4359140000015032,completed,4.084,4.032,4.105,0.13,completed,0.206,0.203,0.209,0.13,completed,0.033,0.032,0.059,0.13
sc-nasasrb,2,20,-0.0526835,28154,28154,completed,0.09,0.09,0.094,0.15,completed,7.101704600005178,completed,67.30453399999533,TLE,,,,,completed,0.301,0.268,0.315,0.24,TLE,,,,
sc-nasasrb,2,80,0.0527296,834914,28154,completed,0.09,0.09,0.094,0.15,completed,7.101704600005178,completed,67.30453399999533,TLE,,,,,completed,102.82,101.22,102.933,0.35,completed,0.759,0.738,0.767,0.22
sc-nasasrb,2,99,0.14503,12742,28154,completed,0.09,0.09,0.094,0.15,completed,7.101704600005178,completed,67.30453399999533,TLE,,,,,completed,0.415,0.393,0.438,0.24,completed,0.079,0.076,0.084,0.19
sc-pkustk11,3,20,-0.0527048,22612,22612,completed,0.143,0.133,0.162,0.29,completed,51.80020590001368,completed,216.84946769999806,TLE,,,,,completed,0.645,0.612,0.785,0.44,TLE,,,,
sc-pkustk11,3,80,0.0526216,2214411,22612,completed,0.143,0.133,0.162,0.29,completed,51.80020590001368,completed,216.84946769999806,TLE,,,,,TLE,,,,,completed,2.219,2.179,2.426,0.49
sc-pkustk11,3,99,0.145001,24891,22612,completed,0.143,0.133,0.162,0.29,completed,51.80020590001368,completed,216.84946769999806,TLE,,,,,completed,0.611,0.599,0.665,0.44,completed,0.167,0.166,0.174,0.32
sc-pwtk,14,20,-0.0526536,58523,58524,completed,0.286,0.285,0.289,0.62,completed,37.973459400003776,completed,1190.436160600002,TLE,,,,,completed,1.093,1.042,1.454,0.95,TLE,,,,
sc-pwtk,14,80,0.0526251,4483887,58524,completed,0.286,0.285,0.289,0.62,completed,37.973459400003776,completed,1190.436160600002,TLE,,,,,TLE,,,,,completed,3.977,3.795,4.128,1.01
sc-pwtk,14,99,0.145163,54907,58524,completed,0.286,0.285,0.289,0.62,completed,37.973459400003776,completed,1190.436160600002,TLE,,,,,completed,1.364,1.287,1.484,0.95,completed,0.421,0.398,0.431,0.76
sc-ldoor,1,20,-0.0526831,274585,274770,completed,1.679,1.427,1.907,2.32,completed,267.8312131999992,TLE,,TLE,,,,,completed,4.87,4.529,5.226,3.65,TLE,,,,
sc-ldoor,1,80,0.0527128,13473317,274770,completed,1.679,1.427,1.907,2.32,completed,267.8312131999992,TLE,,TLE,,,,,completed,563.996,561.666,588.842,5.35,completed,14.944,13.234,15.442,3.4
sc-ldoor,1,99,0.145162,202030,274770,completed,1.679,1.427,1.907,2.32,completed,267.8312131999992,TLE,,TLE,,,,,completed,4.845,4.645,5.365,3.64,completed,1.658,1.561,1.731,3.12
