algorithm,dataset,quantile,threads,seconds,speedup
SemBK,GitHub-Social,20,1,84.999,1.000000000
SemBK,GitHub-Social,20,2,42.173,2.015483840
SemBK,GitHub-Social,20,4,26.633,3.191491758
SemBK,GitHub-Social,20,8,25.894,3.282575114
SemBK,GitHub-Social,20,16,29.858,2.846774734
SemBK,GitHub-Social,20,32,34.777,2.444115364
SemBK,ogbn-arxiv,20,1,13.841,1.000000000
SemBK,ogbn-arxiv,20,2,4.639,2.983617159
SemBK,ogbn-arxiv,20,4,2.546,5.436370778
SemBK,ogbn-arxiv,20,8,1.597,8.666875391
SemBK,ogbn-arxiv,20,16,1.306,10.598009188
SemBK,ogbn-arxiv,20,32,1.590,8.705031447
StrSub,GitHub-Social,20,1,1.410,1.000000000
StrSub,GitHub-Social,20,2,0.776,1.817010309
StrSub,GitHub-Social,20,4,0.587,2.402044293
StrSub,GitHub-Social,20,8,0.370,3.810810811
StrSub,GitHub-Social,20,16,0.351,4.017094017
StrSub,GitHub-Social,20,32,0.327,4.311926606
StrSub,ogbn-arxiv,20,1,5.283,1.000000000
StrSub,ogbn-arxiv,20,2,3.273,1.614115490
StrSub,ogbn-arxiv,20,4,1.805,2.926869806
StrSub,ogbn-arxiv,20,8,1.248,4.233173077
StrSub,ogbn-arxiv,20,16,1.022,5.169275930
StrSub,ogbn-arxiv,20,32,1.233,4.284671533
StrSub,sc-nasasrb,20,1,1.054,1.000000000
StrSub,sc-nasasrb,20,2,0.623,1.691813804
StrSub,sc-nasasrb,20,4,0.391,2.695652174
StrSub,sc-nasasrb,20,8,0.308,3.422077922
StrSub,sc-nasasrb,20,16,0.274,3.846715328
StrSub,sc-nasasrb,20,32,0.301,3.501661130
StrSub,sc-ldoor,20,1,13.044,1.000000000
StrSub,sc-ldoor,20,2,9.759,1.336612358
StrSub,sc-ldoor,20,4,5.398,2.416450537
StrSub,sc-ldoor,20,8,4.443,2.935854153
StrSub,sc-ldoor,20,16,4.697,2.777091761
StrSub,sc-ldoor,20,32,4.870,2.678439425
MonoSemMCE,GitHub-Social,99,1,0.339,1.000000000
MonoSemMCE,GitHub-Social,99,2,0.188,1.803191489
MonoSemMCE,GitHub-Social,99,4,0.149,2.275167785
MonoSemMCE,GitHub-Social,99,8,0.119,2.848739496
MonoSemMCE,GitHub-Social,99,16,0.125,2.712000000
MonoSemMCE,GitHub-Social,99,32,0.118,2.872881356
MonoSemMCE,ogbn-arxiv,99,1,0.452,1.000000000
MonoSemMCE,ogbn-arxiv,99,2,0.263,1.718631179
MonoSemMCE,ogbn-arxiv,99,4,0.196,2.306122449
MonoSemMCE,ogbn-arxiv,99,8,0.178,2.539325843
MonoSemMCE,ogbn-arxiv,99,16,0.164,2.756097561
MonoSemMCE,ogbn-arxiv,99,32,0.197,2.294416244
MonoSemMCE,sc-nasasrb,99,1,0.140,1.000000000
MonoSemMCE,sc-nasasrb,99,2,0.091,1.538461538
MonoSemMCE,sc-nasasrb,99,4,0.069,2.028985507
MonoSemMCE,sc-nasasrb,99,8,0.061,2.295081967
MonoSemMCE,sc-nasasrb,99,16,0.059,2.372881356
MonoSemMCE,sc-nasasrb,99,32,0.079,1.772151899
MonoSemMCE,sc-ldoor,99,1,2.443,1.000000000
MonoSemMCE,sc-ldoor,99,2,2.181,1.120128381
MonoSemMCE,sc-ldoor,99,4,1.282,1.905616225
MonoSemMCE,sc-ldoor,99,8,1.326,1.842383107
MonoSemMCE,sc-ldoor,99,16,1.329,1.838224229
MonoSemMCE,sc-ldoor,99,32,1.658,1.473462002
