vertices,quantile,tau,strsub_seconds,monosemmce_seconds,log2_t4_over_t3,acmsc_count
25000,20,0.773547,0.516,2.13,2.045410459689946,474596
25000,50,0.840429,0.614,1.769,1.5266234873202789,304491
25000,80,0.888756,0.515,1.487,1.529760309981838,93352
25000,90,0.909257,0.474,1.065,1.1678944662149415,36753
25000,95,0.924347,0.412,0.248,-0.732304216796343,16769
25000,99,0.949708,0.34,0.057,-2.57650092197296,2006
50000,20,0.773547,0.754,2.651,1.8139002415985945,672546
50000,50,0.840429,0.828,2.114,1.3522727038833577,438499
50000,80,0.888756,0.708,1.423,1.007114396443485,146325
50000,90,0.909257,0.627,1.328,1.082717798544886,62035
50000,95,0.924347,0.583,0.311,-0.9065813030698937,28885
50000,99,0.949708,0.593,0.106,-2.4839678399828045,4205
100000,20,0.773547,1.028,3.201,1.638682412351703,835423
100000,50,0.840429,1.021,2.232,1.1283541609513863,551816
100000,80,0.888756,1.006,1.533,0.6077273918532503,197638
100000,90,0.909257,0.809,1.194,0.5615912288348273,89836
100000,95,0.924347,0.832,0.346,-1.2658114905043676,43770
100000,99,0.949708,0.663,0.151,-2.1344603207875092,7655
169343,20,0.773547,1.216,3.32,1.4490400127907015,925239
169343,50,0.840429,1.242,2.403,0.9521714749093848,613668
169343,80,0.888756,1.123,1.639,0.5454579266988576,226936
169343,90,0.909257,0.943,1.242,0.39733549754538494,106356
169343,95,0.924347,0.803,0.421,-0.9315797544509185,53208
169343,99,0.949708,0.707,0.2,-1.8217102150346738,10261
