algorithm,dataset,quantile,threads,seconds,speedup,memory_gib
StrSub,FB15K-237,80,1,19.662,1.0,0.11
StrSub,FB15K-237,80,2,12.964,1.5166615242209194,0.1
StrSub,FB15K-237,80,4,10.095,1.9476968796433876,0.1
StrSub,FB15K-237,80,8,10.063,1.9538904899135445,0.11
StrSub,FB15K-237,80,16,8.232,2.3884839650145775,0.11
StrSub,FB15K-237,80,32,8.698,2.260519659691883,0.12
MonoSemMCE,ogbn-arxiv,50,1,13.054,1.0,0.39
MonoSemMCE,ogbn-arxiv,50,2,6.965,1.8742282842785356,0.39
MonoSemMCE,ogbn-arxiv,50,4,4.161,3.1372266282143717,0.39
MonoSemMCE,ogbn-arxiv,50,8,2.888,4.520083102493075,0.39
MonoSemMCE,ogbn-arxiv,50,16,2.678,4.874533233756535,0.39
MonoSemMCE,ogbn-arxiv,50,32,2.323,5.619457597933707,0.42
