dataset,method,outputs,mean_purity,mean_density,mean_similarity,pair_weighted_density,pair_weighted_similarity,pair_weighted_label_agreement,exact_clique_fraction,covered_vertices,coverage_fraction,pure90_outputs,pure90_covered_vertices,pure90_coverage_fraction,pure95_outputs,pure95_covered_vertices,pure95_coverage_fraction
GitHub-Social,StructBK,1496,0.907781974419281,1.0,0.3465410467698804,1.0,0.35785756251439543,0.8691217734517808,1.0,392,0.010397877984084881,1170,319,0.008461538461538461,1016,298,0.007904509283819628
GitHub-Social,PairSim-MCE,2,1.0,1.0,0.5235019846494184,1.0,0.5235019846494184,1.0,1.0,11,0.0002917771883289125,2,11,0.0002917771883289125,2,11,0.0002917771883289125
GitHub-Social,FastQC,43938,0.9602912971189601,0.9484206502304658,0.33781373677429527,0.9523575656508274,0.3494204748278478,0.9374543322132612,0.00043242751149346806,850,0.022546419098143235,40186,781,0.020716180371352786,36302,702,0.018620689655172412
GitHub-Social,FaPlex,134811,0.974143833562322,0.940143758937873,0.33001842777425466,0.941938909597061,0.33273903692506535,0.9562399395017339,0.00014093805401636366,1467,0.038912466843501324,127987,1357,0.0359946949602122,116443,1239,0.03286472148541114
GitHub-Social,MSC,605,0.963756537980462,1.0,0.42107598991100337,1.0,0.4214322823532695,0.9416986953932767,1.0,68,0.001803713527851459,581,47,0.001246684350132626,441,45,0.0011936339522546418
ogbn-arxiv-25K,StructBK,7625,0.9727371994126105,1.0,0.8101206771044765,1.0,0.8140051977490139,0.9604550740310048,1.0,1435,0.0574,7161,1251,0.05004,6666,1099,0.04396
ogbn-arxiv-25K,PairSim-MCE,278,1.0,1.0,0.932084497748772,1.0,0.9321396944823707,1.0,1.0,44,0.00176,278,44,0.00176,278,44,0.00176
ogbn-arxiv-25K,FastQC,208879,0.9621290211180303,0.9481214853866151,0.8030008874318827,0.9491883893426186,0.8043812889070395,0.9458822859647511,0.0002824601802957693,3589,0.14356,190280,2984,0.11936,176423,2590,0.1036
ogbn-arxiv-25K,FaPlex,554780,0.941633886950771,0.939960373331008,0.806018710309618,0.9415502698985577,0.8063038303492596,0.9150265805628325,0.00010634846245358521,6553,0.26212,475306,5431,0.21724,430109,4550,0.182
ogbn-arxiv-25K,MSC,624,0.9924922299922292,1.0,0.9113739188937032,1.0,0.9132546182975387,0.9914273554506212,1.0,237,0.00948,613,221,0.00884,587,194,0.00776
