algorithm,size_bin,cliques,mean_size,mean_purity,mean_normalized_entropy,mean_pair_agreement,pooled_pair_agreement
StructBK,2,180176,2.00000000,0.77089901,0.45820198,0.54179802,0.54179802
StructBK,3,238079,3.00000000,0.79730258,0.33724871,0.62624171,0.62624171
StructBK,4-5,402064,4.43540083,0.82849758,0.23517107,0.71026395,0.71587248
StructBK,6+,221470,6.84651646,0.87668641,0.14520890,0.80118041,0.82073519
PairSim-MCE,2,99740,2.00000000,0.84087127,0.31825747,0.68174253,0.68174253
PairSim-MCE,3,43972,3.00000000,0.87930956,0.20306504,0.77271142,0.77271142
PairSim-MCE,4-5,21218,4.23456499,0.91532661,0.11864609,0.85367927,0.85854119
PairSim-MCE,6+,2242,6.99910794,0.96960622,0.03764296,0.94814048,0.96294516
ACMSC,2,64194,2.00000000,0.82945447,0.34109107,0.65890893,0.65890893
ACMSC,3,59385,3.00000000,0.85969521,0.23539741,0.73717830,0.73717830
ACMSC,4-5,76643,4.39911016,0.88736088,0.15509920,0.80826125,0.81363038
ACMSC,6+,26714,6.72108258,0.93189665,0.08340014,0.88590313,0.89848821
